ID,price
10000,37.86194307854996
10001,53.88481016017937
10002,38.79439367804092
10003,70.06656214072093
10004,68.81291724634643
10005,31.667240367788356
10006,68.03261267688961
10007,60.831346540714556
10008,98.21173225913265
10009,34.64697949066478
10010,29.693214574696672
10011,53.12578171347824
10012,32.549300009770725
10013,28.730522556574403
10014,85.572766136502
10015,39.17091314509797
10016,45.49661596761076
10017,38.48044953584895
10018,58.97926484541817
10019,53.840855129055164
10020,68.70008907952719
10021,170.52760831397683
10022,53.401293836378315
10023,25.39469197264844
10024,54.20874566015523
10025,54.11090449933478
10026,32.76876182456023
10027,40.86174761852616
10028,48.127627401334834
10029,52.77562595423264
10030,46.69936656988047
10031,29.444619529284402
10032,50.353923767102394
10033,42.028313840344595
10034,72.61798491756642
10035,36.59080038638828
10036,32.59424274952791
10037,22.955604644529103
10038,29.243133487076477
10039,45.73458538780176
10040,36.15324883837802
10041,42.931785354781105
10042,27.144978223221383
10043,190.6054445241872
10044,53.39110672513383
10045,42.36776589107957
10046,48.81670147498453
10047,45.23049772688352
10048,29.549210889663254
10049,53.24163766167294
10050,53.364774028727155
10051,71.60163810809374
10052,26.206914652832353
10053,49.47366139062511
10054,132.34579949764645
10055,58.47939459787587
10056,58.412012331894296
10057,48.9533460020288
10058,43.58273812691134
10059,29.465430197171855
10060,39.001434216006786
10061,31.296267400985453
10062,80.667665721717
10063,32.00188401058201
10064,33.314265970977914
10065,40.6372530047458
10066,41.473371731358924
10067,37.13403526646515
10068,26.687743340237077
10069,27.592136049972535
10070,55.69242571151995
10071,18.71102599340162
10072,68.10694426475243
10073,51.211152280424415
10074,107.75455143486838
10075,51.81818886677738
10076,32.699791869098036
10077,71.04135868054496
10078,35.105071005401754
10079,135.34964876553835
10080,35.44369662396123
10081,34.64247870026415
10082,83.13042808583039
10083,50.16711593647767
10084,72.28124962607271
10085,61.47660165689707
10086,126.59225985455599
10087,47.15033899401385
10088,59.54814047130609
10089,49.05527775181845
10090,57.46057249562588
10091,98.44993674025986
10092,79.20602386885666
10093,26.778564703017437
10094,60.765756944013226
10095,25.64112242290786
10096,31.404535360188145
10097,38.304254129134165
10098,33.288697778251034
10099,39.77860028521591
10100,104.48281466618644
10101,64.79725825556777
10102,36.36792277171486
10103,41.642181320139116
10104,44.00203429394008
10105,34.158914689981444
10106,82.77055064309214
10107,32.33689166864992
10108,101.23573297488022
10109,24.05731664253739
10110,29.183504538933505
10111,38.88986470992743
10112,46.41344462958872
10113,55.31836601905476
10114,38.46102786781224
10115,70.41091553553026
10116,19.263158882738068
10117,140.47755771501625
10118,27.497199459563955
10119,44.90717825701388
10120,63.84974615994453
10121,46.79688023872268
10122,25.33802426741502
10123,91.46794493125861
10124,30.965097502835917
10125,49.21251402246686
10126,74.31796498951056
10127,94.36767358870175
10128,36.47783544476772
10129,160.84505335786156
10130,60.287327683015576
10131,65.75925230952971
10132,41.90046759166697
10133,23.219067875758686
10134,33.422085458153916
10135,110.11182609054521
10136,36.882565440470756
10137,50.91627365440751
10138,32.75643949693429
10139,75.83421654715417
10140,22.25704024119804
10141,48.622674276503695
10142,75.19558349150867
10143,60.16786103355807
10144,15.437792174410902
10145,41.84688428095552
10146,255.49952137714223
10147,44.15983787638769
10148,20.753323928474536
10149,60.06139320694251
10150,26.62505105276303
10151,105.6612777959547
10152,55.84643163928301
10153,54.16371738418606
10154,159.4513317181395
10155,38.689144500593116
10156,48.95186678914638
10157,50.16328289725188
10158,54.28956597233571
10159,29.60528653185426
10160,30.55732161647917
10161,100.53371287459757
10162,56.41424588421659
10163,61.8630125941972
10164,37.22586632555799
10165,116.92661018618045
10166,36.576489047298296
10167,23.40254322660177
10168,59.170882314011315
10169,23.36962753868353
10170,37.29608503482949
10171,26.12278862687136
10172,74.79496571418575
10173,35.30669936602682
10174,53.57462954847579
10175,23.351932864057797
10176,79.42648585943955
10177,56.14853578164836
10178,26.44669206936456
10179,25.32473649017538
10180,33.90500690919828
10181,20.653420139152132
10182,85.57875544988684
10183,53.80258822194715
10184,41.10386225271057
10185,39.17648904742004
10186,69.09928780553955
10187,54.13084277752787
10188,46.35108961802828
10189,44.55750505202032
10190,45.692523350482034
10191,27.194701145017845
10192,19.78140045108114
10193,19.718679715525084
10194,36.717699967621044
10195,40.44764485948819
10196,49.248967639064546
10197,32.143810543507286
10198,39.86001510315989
10199,67.26297234076445
10200,77.86011913217519
10201,70.85166874605768
10202,102.16163747556412
10203,66.69899374497658
10204,62.91098035238581
10205,22.989453464041357
10206,46.67573862629671
10207,25.021481298467798
10208,55.51028110507761
10209,28.22296358108517
10210,22.455588420921966
10211,93.00345132952569
10212,58.28960444405623
10213,110.24332291900498
10214,26.955210067857692
10215,23.027512177937982
10216,58.58460523263986
10217,37.46765167941482
10218,30.80098162834917
10219,28.214360604013624
10220,30.12906119688495
10221,73.46394502842733
10222,59.62953650406932
10223,66.79272245928534
10224,59.84910550329086
10225,23.335563113418264
10226,33.18971375922713
10227,16.09504480307327
10228,35.02664937267227
10229,26.881231040788
10230,32.78307252415484
10231,43.37586004087039
10232,93.42700751672362
10233,77.85619086932147
10234,32.95760152349855
10235,123.1605248274548
10236,47.857981148710856
10237,63.36599269871565
10238,70.94691431876771
10239,79.0132687949167
10240,51.70857427763901
10241,50.61147423142396
10242,43.38480533346147
10243,35.20275206435613
10244,57.115480974068895
10245,77.13982789921931
10246,35.23949621602135
10247,53.13217162933172
10248,37.13256684712999
10249,77.13322726492899
10250,77.74900863565892
10251,84.03252773559173
10252,53.860411171481
10253,73.0729257048431
10254,145.59109082080977
10255,56.25102856076908
10256,20.919353098370593
10257,49.331667450878484
10258,74.31122324799107
10259,54.371588537417495
10260,38.20570495236838
10261,67.75321172346887
10262,37.357685148530564
10263,68.27414422324738
10264,85.81035554168514
10265,44.88598580216234
10266,37.28697242223856
10267,63.741497170687786
10268,56.49025232552117
10269,45.13944761751775
10270,221.79074643761282
10271,68.59505084101632
10272,53.59468975972365
10273,80.78412005688976
10274,58.9332143633635
10275,69.41755375649083
10276,26.37917084481743
10277,107.76182434660643
10278,50.4221595535681
10279,35.044692391487644
10280,55.895320166374496
10281,57.448260950479984
10282,46.34476103311984
10283,68.21652033725412
10284,30.21075074252141
10285,24.906291942308048
10286,34.6286864630884
10287,53.889672540708005
10288,40.86199030886783
10289,149.44086093075066
10290,42.40783841464686
10291,41.00388406558522
10292,53.65778554315267
10293,43.3534947872757
10294,36.79115908100569
10295,71.58486429816082
10296,81.74782499823067
10297,50.64751668901378
10298,27.517328430217137
10299,52.48890435543818
10300,66.77823106968232
10301,27.70929020777033
10302,34.72155395922637
10303,79.27336971731165
10304,133.32455984073403
10305,59.17590752080352
10306,67.70557625080363
10307,41.86854815591898
10308,83.54576190190363
10309,37.76366002625861
10310,53.45618593610048
10311,16.906984605522837
10312,49.408448414328674
10313,21.112953064410355
10314,47.485363906349136
10315,23.71215634461292
10316,53.06722598948482
10317,62.694387797468934
10318,21.8461284530538
10319,62.120919793214014
10320,219.54957169100055
10321,48.649530034835365
10322,36.88546168822229
10323,29.209639640565797
10324,32.41807127214608
10325,72.95989778235038
10326,75.38769589180775
10327,61.909342966028056
10328,35.503566368366755
10329,82.27025796369455
10330,17.762051181208918
10331,43.018770548107426
10332,31.599770485591247
10333,50.61607793285167
10334,66.74621357382922
10335,43.88502271274497
10336,34.38307171479735
10337,15.111730691573591
10338,58.429625734326166
10339,63.63327609618997
10340,35.695714808755206
10341,39.462200491396075
10342,60.6527604922726
10343,53.91175673529957
10344,55.297055454484095
10345,37.00614457823275
10346,28.262201017071295
10347,26.282822505187983
10348,75.57456186752424
10349,40.23950261550892
10350,27.165876138652855
10351,47.02351766454423
10352,25.099528860526537
10353,101.99048735499989
10354,38.016670182932586
10355,27.730735633974952
10356,39.54530689856014
10357,28.917801453803982
10358,49.1775921528976
10359,16.675244989605872
10360,57.147319204806784
10361,93.40031268669425
10362,16.381653270464653
10363,16.25585135625616
10364,24.992222350173922
10365,31.05360208604492
10366,38.200131150048804
10367,23.822508868304926
10368,34.84580454635359
10369,31.0375534279339
10370,75.75495617985922
10371,132.87531362641704
10372,60.29186312732525
10373,55.96230839162986
10374,25.935434056092458
10375,108.57708695444913
10376,21.013225547275795
10377,46.24171035777141
10378,78.69265693749277
10379,78.94927875838533
10380,39.54136000634844
10381,73.45662836407764
10382,68.92640305505307
10383,22.94611810274985
10384,43.97961553165102
10385,46.15127481120539
10386,107.50652311264953
10387,23.678452889001733
10388,64.92489266925416
10389,51.456948812466706
10390,49.9411162591882
10391,25.40937761006511
10392,58.45461004465401
10393,19.196541463652977
10394,53.92062711179325
10395,23.55173357900486
10396,49.20939188048195
10397,23.26159942547628
10398,75.38741313560537
10399,51.165050925888245
10400,31.066349252106438
10401,26.79315856817805
10402,158.10872226648516
10403,59.751843036479414
10404,19.773507656161236
10405,54.53153235594601
10406,147.7991929218174
10407,83.17689064043299
10408,15.738605469213972
10409,24.34178184798125
10410,66.60175564088762
10411,64.32837346979643
10412,21.963432117350493
10413,24.57142086847782
10414,20.04034158551505
10415,51.86247624531136
10416,36.02184050713201
10417,49.40687866061915
10418,34.198935335964535
10419,59.37820709527857
10420,36.53053675302496
10421,37.01970524108013
10422,24.98713131448458
10423,34.957791316888034
10424,49.55409413559821
10425,24.9014464704694
10426,52.051897482703836
10427,43.316642869842156
10428,22.6722159179345
10429,74.70717688637546
10430,25.97671434299987
10431,47.556749787054336
10432,45.907728743128004
10433,54.087191386297995
10434,33.3707259898282
10435,48.76992787160929
10436,72.5549715077134
10437,16.809563308505453
10438,51.50565365496082
10439,134.14226184680382
10440,36.76752093889729
10441,34.59920800496268
10442,45.19236412437737
10443,66.49691114125099
10444,40.13170027219313
10445,164.32908270436445
10446,53.99865681340869
10447,44.17328669509975
10448,51.966561943945315
10449,145.18368748034837
10450,41.07314658177074
10451,45.63413298484453
10452,48.34020351765994
10453,23.24440745325835
10454,46.2908499041669
10455,52.707490793762325
10456,67.02570691683815
10457,34.71157130751547
10458,25.383410795597293
10459,24.359607641625477
10460,73.42227885367845
10461,33.22762224172167
10462,48.864558252321146
10463,25.412091738998907
10464,39.17897460682592
10465,27.2516983753773
10466,52.521735599409695
10467,40.36425668367785
10468,47.392532931119476
10469,39.902297664844085
10470,48.85934117082564
10471,38.263387370185484
10472,40.41798901951184
10473,31.011166622859758
10474,31.71274640669083
10475,33.18119910658386
10476,52.846253430529785
10477,45.155596550365566
10478,24.295361818038074
10479,40.115768056131174
10480,42.024692896343524
10481,43.5499395155651
10482,41.99745163514732
10483,31.707005782388272
10484,36.393719402102676
10485,33.001036287801554
10486,36.80421670688392
10487,53.39566924974727
10488,48.963255399621
10489,41.980386540882236
10490,42.188394657300194
10491,114.05109959256232
10492,55.561168374102444
10493,22.772824401149585
10494,56.4693651360482
10495,32.979607861464785
10496,89.34891200513265
10497,49.07156608215369
10498,85.62261213267243
10499,31.14414934302659
10500,62.9222605102557
10501,72.56794749252529
10502,59.67222687898566
10503,67.95828275537795
10504,16.35317965091094
10505,74.56639840208948
10506,42.41458968841245
10507,38.13104261347033
10508,48.83293520773006
10509,106.67213738477535
10510,28.02247567869324
10511,60.929549867270175
10512,88.36067813982923
10513,72.19953568069951
10514,41.42929978904023
10515,118.80902484489931
10516,70.248561756723
10517,53.67030768638865
10518,49.65595532822203
10519,45.74723868271083
10520,51.30815396509119
10521,28.02740915155157
10522,17.748866115268967
10523,93.86325168716951
10524,75.45737986228093
10525,62.76113157663997
10526,35.23696208497884
10527,30.438305659741903
10528,44.840498148440375
10529,46.14941072063963
10530,32.383930220596085
10531,35.226027814700984
10532,29.82916361061469
10533,36.0380185820638
10534,81.2003516590539
10535,67.82122890487793
10536,67.43428703549898
10537,47.76968596148558
10538,63.0744566739456
10539,88.99301438261381
10540,40.69209170887823
10541,19.790446455045334
10542,72.44027324500689
10543,89.38435329631776
10544,25.02028660395473
10545,111.54444810630666
10546,59.29344934136676
10547,21.689956435405747
10548,52.86147579290629
10549,46.892104957746504
10550,43.52272616529459
10551,115.63899536085688
10552,40.799508253756095
10553,41.67870280552084
10554,21.56098211012693
10555,49.30923721226991
10556,33.151310560411716
10557,63.47477934885228
10558,49.897089936054456
10559,39.72788627284416
10560,21.674394780836323
10561,29.570039194001254
10562,29.70165305280762
10563,135.66875054132987
10564,39.71303633188154
10565,31.796801778615755
10566,71.20754333645459
10567,28.691080964809487
10568,64.81811264866951
10569,38.94152722111537
10570,50.92279187125514
10571,50.598734720620506
10572,32.9480850949588
10573,26.5887973498213
10574,71.09484522451895
10575,67.77994876415968
10576,13.843153277395388
10577,83.9740356847702
10578,49.20486851949522
10579,57.61322339626782
10580,30.581359802048773
10581,44.79481560773982
10582,54.34250868645994
10583,26.43806851115984
10584,34.25133382725431
10585,37.64717958687067
10586,29.30617314538114
10587,25.009905025910424
10588,29.099875547155005
10589,29.69591645615607
10590,59.00381370952524
10591,50.378070048859456
10592,29.258114073192093
10593,40.61419972091996
10594,36.397963167682704
10595,68.72920038540322
10596,24.874062310603726
10597,68.98613464093982
10598,32.8711872246639
10599,36.61076181143822
10600,39.26580225701677
10601,56.50180236037219
10602,53.27816924038988
10603,47.649454838981946
10604,49.43363744380865
10605,45.07204916335334
10606,16.020024914095252
10607,39.951213145608875
10608,51.936863423791344
10609,66.05160398559742
10610,75.33824225910767
10611,53.97440377979314
10612,30.032476258337137
10613,40.14719882482101
10614,142.80521127427198
10615,18.70959335646262
10616,75.29744333552853
10617,51.22350390062964
10618,35.6990328482637
10619,50.41774899543842
10620,88.8503837180618
10621,60.52137456477249
10622,35.68641831287496
10623,50.8124203942118
10624,49.6019694402332
10625,39.2979344140042
10626,24.35195342927777
10627,25.99228801892114
10628,47.083122748622486
10629,31.866226092214745
10630,51.127924288988055
10631,45.406185639110504
10632,64.43553661142451
10633,26.325573984202325
10634,51.996537473247145
10635,42.10586230706341
10636,34.90848264036252
10637,64.67410915586842
10638,27.448397337409546
10639,30.29183326425389
10640,40.50128137403659
10641,24.446899334043895
10642,51.89083916490882
10643,58.81927588092333
10644,83.93498364278277
10645,15.014977203504102
10646,42.87282886800091
10647,48.116956527077186
10648,51.8946529103883
10649,46.19346655454026
10650,34.60721307741822
10651,145.09883473061674
10652,48.60047551240042
10653,97.21877942000924
10654,42.60580341126039
10655,45.38226342048246
10656,38.47290097077943
10657,34.65583709875612
10658,38.763736989156406
10659,65.44509568259394
10660,41.62263672931222
10661,58.852798085963954
10662,89.31718205663262
10663,49.019436729006834
10664,35.86705230754836
10665,31.63117862732758
10666,160.1156307671253
10667,39.406538498830585
10668,42.5196064911125
10669,39.044689058444675
10670,58.41948216548027
10671,46.03302958846963
10672,37.276345327868626
10673,110.26110210420248
10674,40.036698121302486
10675,46.93344784442711
10676,30.304316199556624
10677,91.55299878202536
10678,55.691262286717105
10679,28.95954205456176
10680,74.1022585614955
10681,31.62761904700234
10682,27.9158172811602
10683,49.77717653548476
10684,68.9219711727127
10685,52.31935184593755
10686,25.24092411679362
10687,74.14241887086534
10688,86.466087000156
10689,68.64452905910943
10690,81.1364963242861
10691,62.820893278246324
10692,94.77701822556327
10693,43.60159067194192
10694,79.82212914701992
10695,39.3424744463749
10696,84.76484126464571
10697,35.43329335495332
10698,34.59300827364348
10699,37.382575693793626
10700,73.41865849467257
10701,50.51322049114033
10702,31.82655123595671
10703,50.72402865368842
10704,36.92418207978864
10705,50.44909986103707
10706,41.456579890026255
10707,40.72577066881615
10708,39.317334051239214
10709,40.733958006688425
10710,20.635800860229168
10711,34.02874758781977
10712,19.263008113936095
10713,32.273948801843886
10714,61.95046680416192
10715,42.60463974713554
10716,46.816450699022724
10717,27.77312417260385
10718,102.1581504336014
10719,38.101122321473675
10720,44.269959290761506
10721,25.452498580253625
10722,33.69338219535031
10723,16.770500684008645
10724,56.52373049233314
10725,39.73841076006084
10726,51.95638849465841
10727,31.759866588877884
10728,53.74491087902313
10729,32.78198136954374
10730,48.502271795303265
10731,50.87850649768122
10732,133.08884254359975
10733,27.458534418185124
10734,38.12099363691454
10735,37.81325407824098
10736,75.95604330414409
10737,156.377754797575
10738,111.21419859851378
10739,28.559885650640563
10740,42.23988886705246
10741,31.814035380772655
10742,65.11899445897103
10743,94.17769731432432
10744,32.21839576444093
10745,43.61865765738759
10746,28.26989641188999
10747,60.5767817834984
10748,56.280062944807206
10749,26.866890042617783
10750,23.6380209060734
10751,69.39227389062788
10752,53.90857855977024
10753,87.84788056010738
10754,28.873174501072288
10755,91.82426998767326
10756,38.06182164343547
10757,19.380434948682662
10758,45.822617006287985
10759,33.26017549908096
10760,35.350402832712874
10761,35.72404474291289
10762,38.41022891233993
10763,66.46481408759826
10764,67.96791274690608
10765,42.31098057886967
10766,24.477365423447104
10767,46.64958707571107
10768,39.973794308713465
10769,38.00435384566347
10770,33.97323463150365
10771,69.43855500318307
10772,84.74538632163069
10773,113.14702753571507
10774,38.92489721845736
10775,55.940388856185265
10776,90.20078771746803
10777,41.84151706285045
10778,46.12326441916325
10779,52.24829862509464
10780,58.630426467839904
10781,26.577349138130746
10782,99.75046818183216
10783,78.4411266268684
10784,68.98612758847969
10785,35.050500163081104
10786,33.81235320207997
10787,46.51424278707651
10788,18.413978313999593
10789,53.45328388447558
10790,82.87650545930033
10791,17.606853929025107
10792,42.785581024019564
10793,58.29175254504363
10794,35.875806173804165
10795,69.25940107043355
10796,41.40506233491976
10797,44.290697916898694
10798,43.45418455290998
10799,70.83271367937826
10800,38.796934215450875
10801,155.684403457345
10802,42.55172046082388
10803,152.3324397190114
10804,46.21923764440746
10805,49.1890155605844
10806,43.35672557234837
10807,61.202819256451455
10808,54.75302663132184
10809,35.323388090072115
10810,30.678640729663925
10811,74.38869098997911
10812,32.06775063686528
10813,37.258675011422945
10814,40.014493127094696
10815,87.3000186308981
10816,37.41653727227487
10817,39.58802865476396
10818,86.85711309938932
10819,17.74481767751398
10820,77.9944132919064
10821,74.83586934440125
10822,80.75193323567129
10823,172.85827035341026
10824,25.644763017502576
10825,74.68020670201341
10826,93.7433068255365
10827,61.27753521334657
10828,22.854255037607455
10829,25.78885197157841
10830,16.87297597450064
10831,60.54977771381552
10832,92.32962016901297
10833,31.949802273293724
10834,52.83102182465214
10835,47.343044396633445
10836,63.99386838701555
10837,38.696293590820446
10838,39.76581023642277
10839,31.992119756223815
10840,65.9441288588446
10841,47.57171720058932
10842,23.95481589175272
10843,64.97305849555113
10844,46.46684777258967
10845,75.58712557525357
10846,40.03126250076485
10847,29.721995201303105
10848,60.24544350792626
10849,66.75054246429231
10850,102.42524691240243
10851,45.24288097554274
10852,33.8935891203907
10853,43.38059466280352
10854,66.87285444937135
10855,39.94284469396857
10856,19.276418555519186
10857,38.1585427363715
10858,89.34447011472689
10859,42.692970226551274
10860,42.99352559866136
10861,74.53428811253175
10862,41.38273159029688
10863,24.745381325310777
10864,22.614510067631993
10865,153.66345045848746
10866,60.68326011396795
10867,56.204851140154
10868,32.455363890560506
10869,22.424018028276578
10870,43.57641889137627
10871,44.47084276171674
10872,25.93574738814698
10873,40.38953735379446
10874,66.5741152395372
10875,57.59489236951426
10876,48.67574351517462
10877,31.981033372610344
10878,57.70741002257064
10879,51.34975970198284
10880,40.49256710924931
10881,38.76091945655368
10882,14.904216980467261
10883,52.71057096061112
10884,46.293222219045354
10885,41.28250753820873
10886,32.97350177156834
10887,102.13427991060894
10888,45.04520318604375
10889,37.276760771321044
10890,42.79177667450603
10891,49.34507871720491
10892,42.432553789112944
10893,63.143013655312636
10894,64.61636978557743
10895,49.316028904027746
10896,53.408713526445865
10897,34.287337150132856
10898,16.220752941190362
10899,61.414933580859554
10900,33.83782523095288
10901,42.83533860454048
10902,68.7970274745628
10903,34.68010300565521
10904,22.632914525538787
10905,55.152264966309296
10906,29.730320479906442
10907,37.81520099777508
10908,23.296081961099688
10909,42.62431225974815
10910,62.013577516842766
10911,35.23065499429356
10912,38.56160859936853
10913,87.86133015426579
10914,45.97109263833235
10915,58.45182016353734
10916,46.70408021445363
10917,46.17959770557786
10918,33.17336986268964
10919,18.53146938003134
10920,22.401831629083972
10921,63.030750407806025
10922,81.61831994681663
10923,73.09030368773779
10924,21.76014611470277
10925,45.482780272889386
10926,33.080578344137834
10927,30.433040808684016
10928,109.77663181114312
10929,26.222654663041205
10930,62.221454013524465
10931,44.11346016375411
10932,43.74703725133581
10933,50.54128105122363
10934,24.647816924314988
10935,33.40744761549722
10936,20.74222059132879
10937,51.62522597584151
10938,34.59873824404745
10939,64.85593354441639
10940,34.29935674484486
10941,46.76097791729521
10942,57.24586910382837
10943,39.94670850508706
10944,65.22314137928875
10945,46.49088810343676
10946,106.39092345877796
10947,40.271230592897915
10948,51.2458076261285
10949,51.85496216198198
10950,23.533674318064172
10951,144.8924448632241
10952,45.078637586992755
10953,39.15582616353843
10954,69.15210002569714
10955,108.93677115295165
10956,29.252622304014842
10957,69.09671133061794
10958,31.15245147120945
10959,55.80067654383438
10960,37.83327558618494
10961,31.437753553134517
10962,65.6339950188254
10963,49.90978530065545
10964,36.797957367422335
10965,112.25111072482494
10966,29.52127965445418
10967,136.19474634687413
10968,25.985877168229813
10969,61.79611909519009
10970,25.634653528163003
10971,23.681976977062227
10972,43.72585834387523
10973,18.863235656899278
10974,27.156282005557546
10975,28.02073415010826
10976,124.39186064298177
10977,54.549106666898524
10978,17.615351679992955
10979,27.779373118691858
10980,27.377889041655116
10981,110.49979711791224
10982,25.833340228990828
10983,30.49074226009835
10984,43.075403790991885
10985,89.79100410271627
10986,19.65090885694371
10987,35.76055274084804
10988,50.28608339535148
10989,28.412245094482163
10990,35.88397544967273
10991,38.28539142917457
10992,64.7765908703575
10993,34.185746973447465
10994,47.30692268101656
10995,72.13051600526154
10996,28.39398518392796
10997,29.809874925083996
10998,150.41171185697465
10999,63.40510753205354
11000,45.51554665202018
11001,27.823623103953505
11002,42.3876467790817
11003,35.01026349406833
11004,56.00845241731618
11005,99.61349861571267
11006,20.734446001294863
11007,59.17739296154529
11008,69.44394358533603
11009,27.201134865783573
11010,32.34214826691057
11011,121.12468969301293
11012,72.15360151072869
11013,18.066056878744128
11014,24.724013358753588
11015,90.39896589279175
11016,70.49177705174529
11017,39.36070616691172
11018,46.89675255967458
11019,133.31832037355994
11020,27.395684628489093
11021,34.69367408244599
11022,61.05075168576236
11023,27.001614754959647
11024,54.76232418809681
11025,58.61558826069842
11026,49.773866699271736
11027,52.73993904597805
11028,69.8079870066029
11029,42.889953275969816
11030,47.121001598270084
11031,41.20728721443367
11032,25.047781826404
11033,44.75138139514101
11034,36.2176158791369
11035,31.078895706038047
11036,63.9830793532938
11037,54.02015665747445
11038,44.8310026629546
11039,43.449326958910106
11040,31.591909277036706
11041,24.41446150279527
11042,67.10806735030428
11043,109.55795831574841
11044,91.76464965577264
11045,104.26278243019055
11046,85.96561589962322
11047,55.57906111586044
11048,49.43665763244166
11049,24.543019703543344
11050,144.48303968330535
11051,29.07495210989522
11052,55.20631001142487
11053,39.30872497122123
11054,69.94447184197105
11055,58.911973671390044
11056,98.40787625806348
11057,149.171182303368
11058,44.67228761962997
11059,27.282883254941353
11060,41.535817581524384
11061,51.11111654212172
11062,96.02090138615728
11063,44.78551671737857
11064,48.838699650803726
11065,33.38733194712698
11066,65.96142947160666
11067,55.72367072947176
11068,55.89938274179874
11069,178.60081708771173
11070,65.72792157231788
11071,39.36541711906446
11072,52.68582324349641
11073,42.320047507392545
11074,19.830595517444443
11075,42.240085757834834
11076,54.8179367270008
11077,20.916045306283102
11078,34.79273474454966
11079,28.01720839754325
11080,34.994123768238154
11081,46.73018459908962
11082,82.80110375489747
11083,27.663710624226596
11084,32.22564977125422
11085,33.52850529035356
11086,36.60394859949855
11087,49.77458570848829
11088,100.8009361689349
11089,78.5171511924828
11090,94.47991027788073
11091,61.07082574765065
11092,37.05930667235164
11093,24.15787209879451
11094,56.47433620182287
11095,38.284710439918015
11096,62.72334307209409
11097,33.92702865211287
11098,59.54910198171801
11099,44.54007948422677
11100,34.2051343780996
11101,50.37325724492748
11102,41.93129263297527
11103,45.158985446576274
11104,39.42920910156297
11105,41.86552230736939
11106,60.89230995190125
11107,24.708562885791626
11108,51.46949604486836
11109,24.440219883871272
11110,35.10659077024997
11111,88.60403170428339
11112,37.447198073030606
11113,35.80111798207167
11114,58.87309317052306
11115,41.28430273798198
11116,30.604681623179708
11117,29.70815969837383
11118,98.13867602212451
11119,36.7869513666143
11120,44.81454474525355
11121,30.853470429564727
11122,99.58418743136514
11123,38.005511759298344
11124,48.532784025341414
11125,48.778258797761666
11126,41.36179506721101
11127,26.169596502321696
11128,45.8473196587009
11129,21.72114393807567
11130,27.33334967201756
11131,34.78001298448239
11132,64.2730421615651
11133,45.30251671140688
11134,36.26518669038758
11135,57.155584406072855
11136,60.706690062706855
11137,60.488472229679395
11138,108.82643086990534
11139,51.68211255488202
11140,67.07550062816902
11141,44.33667101804174
11142,27.72377140001835
11143,41.796182788593654
11144,49.881242504527236
11145,114.30625362881983
11146,66.42970707188643
11147,58.804419662969615
11148,36.69497282782862
11149,68.40940725128794
11150,40.59954555469539
11151,53.52073381688179
11152,89.3167244984856
11153,209.48565160229407
11154,23.599575782445577
11155,35.73470024375682
11156,33.900711026994195
11157,42.03455255583786
11158,51.21012203444449
11159,96.13857816357387
11160,40.17071882983498
11161,55.5496358608216
11162,58.55986587137091
11163,49.59458392178013
11164,29.56916765733215
11165,83.45494130463271
11166,67.76337565770545
11167,122.93620290375387
11168,37.20147954372503
11169,32.41994003650552
11170,90.57307757594103
11171,24.545514222102906
11172,51.4379764543096
11173,20.743549783632808
11174,41.24089240211743
11175,64.45295831278607
11176,40.67570040702516
11177,122.63770052480014
11178,31.915603999320815
11179,46.91664032426356
11180,51.29005709573915
11181,48.282840985251234
11182,56.7851388679569
11183,30.277930531826716
11184,83.78724180353572
11185,35.0703068563084
11186,51.58100328911459
11187,38.269926780072154
11188,43.97355124976521
11189,54.73036091634058
11190,47.83941780740101
11191,28.347394140049346
11192,23.114918497115845
11193,69.83743123470124
11194,50.69759224095253
11195,56.01154733694874
11196,56.16631717708182
11197,24.65102008359377
11198,56.517733575921895
11199,62.416335620417215
11200,80.56745810066089
11201,31.883782308430476
11202,60.66652301216804
11203,20.319732371827392
11204,88.94584051188573
11205,107.42350610243696
11206,25.753315543023383
11207,63.00123602990991
11208,92.94426512068029
11209,42.33862250893168
11210,30.438080128221177
11211,55.95945101628804
11212,29.23920070239526
11213,29.914104729924475
11214,26.0179376971048
11215,124.30517035275653
11216,45.88247924808327
11217,73.58718304013925
11218,61.74917960853899
11219,82.72993723497007
11220,31.998809610187955
11221,78.49216955732648
11222,90.0110227708353
11223,45.223824982531674
11224,36.29330390791729
11225,38.67517682703197
11226,31.292462463809265
11227,33.512664471560754
11228,28.691148113575284
11229,20.3173185614083
11230,117.00197342135057
11231,55.42630820521542
11232,70.8587968943934
11233,84.11854961560653
11234,72.32298641801589
11235,34.930811906078546
11236,67.63014070016195
11237,26.561297462713448
11238,40.64559622302677
11239,74.85427687888847
11240,39.613097138903896
11241,30.61922713357546
11242,50.4434444592741
11243,69.11543096030819
11244,29.928114510463697
11245,82.99113358831453
11246,27.157916031093382
11247,56.6333052275705
11248,66.8360035876396
11249,42.63285992275641
11250,55.266828493143784
11251,57.258031932268594
11252,62.28984157206121
11253,64.90457222478895
11254,35.687472431753356
11255,142.5446269736846
11256,29.92000128149711
11257,79.56415457444541
11258,40.07386029114811
11259,49.28513716768404
11260,42.39352460816418
11261,91.48903692491358
11262,69.59220888644909
11263,60.07967380325597
11264,55.57706768488989
11265,43.68431506418233
11266,101.10441587051253
11267,83.85831316975212
11268,87.87121005457126
11269,44.37759264659063
11270,22.05852589526868
11271,19.887258104899132
11272,46.409128351618186
11273,86.08814107403218
11274,39.64881759977212
11275,86.17478447534474
11276,44.196993428756045
11277,97.50132288055103
11278,42.76211252294323
11279,25.187750702067525
11280,56.02233351563081
11281,17.625052505591675
11282,22.47843655165046
11283,159.43845493354064
11284,41.5990363162067
11285,70.99397127974723
11286,24.949056608358884
11287,45.348818282872244
11288,48.167834667029226
11289,48.49511217968863
11290,59.55907169477679
11291,31.298019201799416
11292,52.701425949637674
11293,34.32352753689516
11294,55.34870843130584
11295,29.480439355221613
11296,48.435259788806874
11297,31.29219490411999
11298,33.97434313710444
11299,15.98105266298775
11300,46.227023195353226
11301,60.573977608370164
11302,45.43574680661135
11303,31.29701791784447
11304,27.716688297292894
11305,124.21435211568864
11306,45.96413818095944
11307,87.52310674970413
11308,57.860307939966624
11309,22.497265914409496
11310,23.918262919468923
11311,47.070517259802884
11312,52.76837637723429
11313,30.916271037859147
11314,55.256245544843644
11315,57.29401994302523
11316,37.74062328765674
11317,57.606183345362275
11318,42.425118475639685
11319,53.89150656960451
11320,34.16908288804785
11321,54.17583598413695
11322,27.444654913297573
11323,78.78026852581911
11324,35.79195342536896
11325,59.30211574677847
11326,42.70819442698673
11327,34.093413027672185
11328,49.89322769505536
11329,44.61134428941325
11330,51.1002822289087
11331,76.29655121181148
11332,36.70229535415752
11333,90.27413307412411
11334,34.77658183882765
11335,37.48861013503512
11336,20.179298948439232
11337,53.9758753329628
11338,63.45294728576411
11339,49.80990365002771
11340,62.58832100686994
11341,48.66541632774043
11342,42.57066758503683
11343,41.04922011973901
11344,20.932573247531153
11345,47.57260197420037
11346,27.3830238057714
11347,29.29561063770209
11348,40.635840332713386
11349,35.41983773164553
11350,186.13412723344032
11351,24.820478858903808
11352,36.7070984616994
11353,53.40838176146826
11354,36.66606610462611
11355,52.61518023059496
11356,51.72040406864175
11357,87.68634766647406
11358,43.88543641637768
11359,112.2673542770807
11360,32.45893452819758
11361,34.80546158160998
11362,12.48648121979243
11363,62.09537416077929
11364,33.436367585042916
11365,59.77265571238277
11366,26.748238404784036
11367,122.75630883360667
11368,28.915001771476682
11369,131.9493239686451
11370,66.08216465760762
11371,77.30005413987438
11372,43.03488138750678
11373,73.9152690342967
11374,108.64941282391958
11375,65.91577697532848
11376,29.48629194878877
11377,35.717860263283285
11378,62.85901483032559
11379,51.525067276835536
11380,42.50820000178731
11381,29.149914919859704
11382,51.19172167459992
11383,36.214869957578635
11384,52.37270200641615
11385,30.225318929555428
11386,29.83180869804552
11387,42.13134646571697
11388,28.78620361770015
11389,17.846764714193952
11390,36.84117737349311
11391,33.63225083944113
11392,30.74084070520292
11393,47.0159547005966
11394,68.27811721632644
11395,135.91678410050295
11396,50.606337900308624
11397,137.8163230147195
11398,51.79851819643103
11399,48.837506772900554
11400,17.82516563254846
11401,44.711637680343514
11402,37.57987811656301
11403,41.792333918515354
11404,38.286181054804274
11405,39.31882272621565
11406,73.89266807500033
11407,35.43351305543112
11408,26.06908044257369
11409,29.68533147999969
11410,45.063713151172884
11411,47.61630280585085
11412,76.31642576393448
11413,117.415861013588
11414,58.641102068140164
11415,56.46898735914261
11416,91.66312928217849
11417,40.034465743534184
11418,65.96730407275929
11419,53.17105809385546
11420,136.5877229042411
11421,89.92831500869508
11422,62.267267925080056
11423,54.77001789319027
11424,68.42655739977829
11425,21.770364597152145
11426,35.46149500270768
11427,128.53878131642534
11428,76.44031126832279
11429,48.542346712820354
11430,35.82246862738478
11431,56.79243865551626
11432,22.65391196763244
11433,41.775036424864936
11434,32.83653382882667
11435,27.577015416143972
11436,50.376332421814816
11437,35.554505056714014
11438,96.63873489708199
11439,26.047813359431565
11440,69.54821944509034
11441,26.88059998892593
11442,41.42134499635586
11443,37.42549873960057
11444,74.05064945169613
11445,23.080332180172494
11446,96.12341668821335
11447,72.42351348871034
11448,36.00396116476074
11449,70.99117628621923
11450,72.56735329291094
11451,32.94125150058719
11452,34.47809023050081
11453,140.92637695775102
11454,53.349502755872315
11455,46.60947626841281
11456,84.28964278678512
11457,54.31183439210231
11458,91.54110528060107
11459,50.92530711385608
11460,145.82029360253782
11461,36.10663819579412
11462,73.9937591237172
11463,48.22809641100248
11464,30.38111830437429
11465,29.06649689199077
11466,21.445573237991724
11467,77.75737813960573
11468,32.271269422879854
11469,46.366646713557614
11470,43.76215020516366
11471,48.30706339851772
11472,90.90806673845438
11473,20.87929425536381
11474,38.47854056177222
11475,127.67391721832713
11476,22.86379551713648
11477,43.75110472697541
11478,105.23861438521462
11479,29.784414770524663
11480,32.711657412742085
11481,56.41212970575667
11482,72.23811410985418
11483,41.79741296937147
11484,68.2638574023266
11485,104.46208245307679
11486,51.17176974353444
11487,68.3539535849657
11488,45.30180470215292
11489,35.887272336779546
11490,35.857764850525086
11491,15.239495930557325
11492,51.92444875006451
11493,31.222150268004814
11494,41.588554822901834
11495,68.9045379366188
11496,33.068418757756135
11497,41.831994117272465
11498,30.16226711754433
11499,41.74288859753736
11500,41.54522403420773
11501,65.95443112241354
11502,28.890073864901353
11503,51.38712857301375
11504,41.98656524900585
11505,49.6050785947445
11506,43.86796086621026
11507,37.74559835976268
11508,59.905828608700915
11509,48.948992192979006
11510,41.44399292131187
11511,46.749153213467594
11512,49.88725072286734
11513,32.206350270975875
11514,33.13385099755936
11515,49.893397760572405
11516,83.52805456501224
11517,42.97805090955953
11518,30.14579202905675
11519,60.70298133098517
11520,49.33565571845142
11521,41.02629828265209
11522,48.31020667767448
11523,17.363846194241425
11524,32.36231872612203
11525,69.5430589823918
11526,20.446766092319507
11527,83.16172192853739
11528,22.185535763771355
11529,36.255908178663574
11530,26.657817939266096
11531,32.22398777087268
11532,48.77390477306306
11533,31.984066390008827
11534,36.7044575594574
11535,55.009758138939766
11536,32.12132130432363
11537,61.461988448147785
11538,97.81301324589018
11539,61.310167903223
11540,133.89274281069277
11541,39.39631315828448
11542,50.080019555779515
11543,110.37039041457571
11544,26.443217689469154
11545,42.328653638119185
11546,62.0782051118442
11547,57.35764345851401
11548,57.400025060237745
11549,62.03552374222529
11550,29.36564490047542
11551,40.053257976043106
11552,28.98886470594984
11553,60.08683497433792
11554,73.60515794506638
11555,52.10506920424376
11556,40.012086632657486
11557,46.926023587763275
11558,49.69463716982787
11559,41.12633764171096
11560,32.99469670567909
11561,43.1121812704868
11562,68.47281200136999
11563,42.02485529905847
11564,58.63719540237121
11565,50.916268857912314
11566,30.60130260878264
11567,48.71260746043767
11568,139.10019150317254
11569,65.32093841914966
11570,31.94448393872122
11571,56.09090767848349
11572,45.93023429954744
11573,29.132244112297084
11574,39.51003104909634
11575,32.890042984675404
11576,63.71592193462758
11577,57.921124077331726
11578,15.755799499292046
11579,67.80061057333504
11580,33.422258038930565
11581,24.82526605816755
11582,58.39090914714514
11583,25.287774116904384
11584,65.13546828171974
11585,172.62583846261694
11586,25.595315353111886
11587,80.54339681485422
11588,73.33526199389534
11589,35.39067212482158
11590,53.73069029033181
11591,62.526588872911574
11592,45.413533167897256
11593,56.37219129571416
11594,47.07178297722796
11595,31.792268637788233
11596,40.2180637194743
11597,47.24317318551256
11598,15.554481560428023
11599,72.1864671665894
11600,48.91526142146445
11601,26.136438268737738
11602,38.53004159520941
11603,62.85805356494441
11604,155.40853311510307
11605,87.56937604689053
11606,64.47104460701215
11607,65.44259904270149
11608,63.38302509419475
11609,69.999057318985
11610,69.68610672705547
11611,35.09924229452949
11612,37.75478272697313
11613,50.76190271044824
11614,73.47193775390713
11615,46.97560090502617
11616,38.438819594401444
11617,36.3940162400046
11618,93.49732817737511
11619,112.87303206960806
11620,97.65951869378767
11621,48.61282367912852
11622,92.21788835294345
11623,44.69704255618755
11624,131.4216851564152
11625,51.27422204576379
11626,145.19191710099142
11627,64.0936019835247
11628,34.36434842675063
11629,29.225060443312046
11630,68.64455125711119
11631,85.20727334809615
11632,108.49043280086853
11633,27.427899210191082
11634,41.512342016939655
11635,49.77322926589261
11636,34.19852378993697
11637,66.71529636516583
11638,60.89232299550164
11639,77.50767245994959
11640,28.20639770608633
11641,100.07863350126257
11642,24.529498713673625
11643,25.753555757270483
11644,40.854200278409685
11645,74.82424393049756
11646,27.139537600133554
11647,18.062502402476106
11648,101.2500330582398
11649,38.24076490682289
11650,57.925987205221766
11651,63.52543840282075
11652,41.67011058417011
11653,31.53055207362626
11654,35.355795277156716
11655,65.1660598995484
11656,68.21472877755183
11657,96.14172384039642
11658,50.33337917172976
11659,33.74107522315955
11660,42.87787279686935
11661,94.93224892976892
11662,24.772638486072157
11663,42.99831592699333
11664,30.486533766652922
11665,99.75640936211516
11666,51.90338672404077
11667,91.51275379435722
11668,45.41546727034769
11669,52.1208540571996
11670,88.79828082725238
11671,26.243420972877338
11672,26.23266242862796
11673,40.60245607403924
11674,16.395483858930028
11675,41.33915394029936
11676,35.18208813608486
11677,62.144959902521165
11678,48.83508340074061
11679,40.43629491205242
11680,42.03024718268162
11681,89.96537129432019
11682,43.72994461236012
11683,115.3040959153255
11684,41.95205428166352
11685,89.18656750712455
11686,32.76934835193941
11687,21.827169090014642
11688,103.71758087114983
11689,49.74161256684629
11690,29.284621990985666
11691,78.11874947796564
11692,135.86751510970757
11693,34.32465437869124
11694,36.640704682005335
11695,37.81991768155596
11696,87.53627929376997
11697,66.619027440182
11698,56.118259936676445
11699,61.30530952619268
11700,39.6868152625573
11701,59.378773003451926
11702,19.470633957064145
11703,29.198454262852966
11704,31.958795867709757
11705,34.67675400525978
11706,57.22569494377617
11707,40.769393608079554
11708,28.843436153175233
11709,67.6892854162572
11710,57.64523178381938
11711,152.35835071555672
11712,59.80487855935172
11713,28.679635806865292
11714,27.220862102179222
11715,34.78065275139699
11716,29.78213921722665
11717,30.330164454224313
11718,24.92897433699655
11719,65.82102208990558
11720,60.50330730933392
11721,43.14056182269443
11722,53.63575907829776
11723,63.036189111907674
11724,77.12139738520754
11725,122.07605932318852
11726,33.104215258474895
11727,60.31136901733806
11728,26.546865694525415
11729,44.53180502717963
11730,69.21727793162661
11731,61.12900944841472
11732,35.872769329706784
11733,37.10936962323052
11734,222.31466268047024
11735,20.15394964125622
11736,13.845735895078953
11737,30.672995270253296
11738,28.988315757948534
11739,27.669589323210392
11740,39.8053105938727
11741,52.53482680514019
11742,60.2814511635668
11743,75.81753198006305
11744,47.56134836882912
11745,57.38560767771854
11746,51.89444505947944
11747,62.267491020994484
11748,62.64508162044414
11749,30.69065014350307
11750,20.43773092114003
11751,38.6343611433704
11752,28.27188534701284
11753,24.98354104533632
11754,36.5303513841875
11755,44.0279431893133
11756,19.578412851725588
11757,21.878909891940474
11758,68.60107185087449
11759,63.752579861664735
11760,63.745439082511325
11761,87.48321241041214
11762,82.78408618015845
11763,82.38355055584634
11764,34.534181608447504
11765,38.02114492138037
11766,31.42652553631525
11767,50.922494999526904
11768,43.78562099244715
11769,151.1089731047104
11770,29.15392236563299
11771,44.23570986837986
11772,50.057584413927714
11773,29.84875047881186
11774,34.53777195723514
11775,46.29367101085714
11776,38.88729686814153
11777,55.773472095497226
11778,37.64952373084659
11779,179.7052421697128
11780,55.492498896678214
11781,18.75626749063266
11782,64.22456652998531
11783,69.71414572332792
11784,23.60948665220977
11785,31.138412439851272
11786,78.6284630336681
11787,59.14490220776092
11788,55.52121484710017
11789,55.891042297809676
11790,75.11595209947426
11791,131.94928652554637
11792,33.50530369174953
11793,66.40341498654699
11794,47.74548716582624
11795,63.95556727539213
11796,38.12312834717064
11797,180.0379452599683
11798,37.81809920608086
11799,40.02527615124204
11800,31.839001907464507
11801,23.343871729831168
11802,26.787742347796474
11803,24.295448196050238
11804,57.485547367968785
11805,17.165749505616354
11806,31.884157391142104
11807,50.349583133617536
11808,48.791251042130774
11809,58.44452644432947
11810,66.37076118562553
11811,19.946804255220343
11812,31.296213920329027
11813,28.06901845806685
11814,55.98522795753655
11815,33.643101045162176
11816,206.55670152326746
11817,37.423126656595514
11818,50.03999525103714
11819,27.53740783029955
11820,32.90861775482851
11821,40.20681900928621
11822,52.89455393963331
11823,74.8570375397145
11824,87.48914155757305
11825,23.93069709599341
11826,42.74717184471994
11827,28.46123018818176
11828,38.05179641408811
11829,50.483316623822084
11830,38.149300369900125
11831,138.26422511592122
11832,46.41815548375115
11833,56.064892618598996
11834,29.30313672909468
11835,34.375894159882726
11836,22.750481896923585
11837,60.589952529242154
11838,77.01882544168491
11839,51.43231232686753
11840,47.56275549344134
11841,76.3990305380585
11842,89.4212172415971
11843,44.28440400529869
11844,58.459633924930294
11845,41.68976072685464
11846,51.80362586430282
11847,55.727390318400495
11848,30.764567829238228
11849,61.15011238535576
11850,25.810099466385957
11851,21.707472717591294
11852,36.35646525459538
11853,104.11051375500145
11854,70.82785921360838
11855,35.84314024971444
11856,33.892895529994206
11857,56.43522643047894
11858,50.860287456716264
11859,47.27718698194098
11860,22.621484267420637
11861,47.67965984883937
11862,54.64438468428173
11863,61.22075643916926
11864,60.163766133390645
11865,105.28990163340794
11866,17.20061221433106
11867,38.42498317692563
11868,35.78215256837721
11869,87.02532949885008
11870,72.82044806728861
11871,38.919900983920215
11872,65.82455616044537
11873,24.61406942270576
11874,54.984161259162015
11875,58.314767043578826
11876,78.66808920332232
11877,50.800903861597526
11878,65.98458733426827
11879,19.35428429993307
11880,47.85093694083931
11881,49.16366941635086
11882,32.4956459327405
11883,18.45932944352134
11884,53.8204355566696
11885,73.18175850290565
11886,150.15190401691407
11887,89.20536362736522
11888,28.448381299232082
11889,31.82562682482235
11890,46.523910243500076
11891,54.60704580693655
11892,34.87889730783972
11893,30.61196521613739
11894,46.49554870409857
11895,29.580631079721073
11896,51.23548540370093
11897,29.32392565255829
11898,70.67916084215987
11899,31.400448001344067
11900,27.25204674878186
11901,46.9145045865985
11902,46.026893757062474
11903,31.07412474961549
11904,32.391605401297525
11905,33.14322090343176
11906,68.77158136847197
11907,86.0822255474836
11908,33.4544478402826
11909,77.77515090802675
11910,40.97837273783457
11911,25.94811697003765
11912,56.94575832672169
11913,61.62867316309474
11914,21.691962609598008
11915,78.64871188870957
11916,36.10183645411031
11917,87.16223632882236
11918,55.7999537033581
11919,36.35166590321567
11920,26.87585270154907
11921,59.94274176877379
11922,33.28764677848944
11923,63.42271677732591
11924,54.25641782326587
11925,31.71465843675154
11926,40.31380489030708
11927,26.683374144679682
11928,37.65696377218906
11929,39.643076658060515
11930,71.90472981088953
11931,52.16104611885736
11932,60.86622595220005
11933,49.133061420747836
11934,37.18829213267426
11935,31.261039322433774
11936,142.69336212545699
11937,73.33961799267826
11938,36.01105261773303
11939,89.14047839868965
11940,45.32793088305287
11941,42.982790282721815
11942,44.63667505455699
11943,32.16397558188547
11944,20.979522265501686
11945,54.763461127347846
11946,87.65248900219899
11947,58.99996107205855
11948,32.04114997486383
11949,52.82921713479516
11950,22.099721838166367
11951,71.73050135554068
11952,100.91908501284004
11953,125.51917030126545
11954,213.53942539317387
11955,26.811292304524606
11956,17.475893850119995
11957,59.60760772241902
11958,73.33390062830885
11959,44.210749089742784
11960,63.830873199169105
11961,75.95419143243777
11962,38.880525419816045
11963,49.53445094828175
11964,36.44769681279605
11965,147.23441924154656
11966,58.54719104930054
11967,36.23359670202717
11968,49.344908989521336
11969,29.977661481059133
11970,38.866361598566115
11971,44.04298004380863
11972,79.91284760481392
11973,50.345866226057126
11974,72.13412246254754
11975,72.65559447141177
11976,131.72609920037166
11977,23.43902588452796
11978,57.00803617562798
11979,70.88228127144775
11980,67.01607747687204
11981,74.55121939375039
11982,60.102830731059555
11983,41.533000629732584
11984,113.27055539185629
11985,51.38034075927051
11986,48.25683338643432
11987,156.46429839255524
11988,57.57185254016307
11989,30.580830018166363
11990,38.201508023395746
11991,36.18876778969729
11992,65.85667846304857
11993,77.20034265208702
11994,65.92967265735898
11995,31.390368412255413
11996,36.774076284303206
11997,45.71477734762654
11998,63.84398274704803
11999,37.78919466732522
12000,29.65815112611016
12001,61.08966966158743
12002,46.82618133339674
12003,35.67879127563732
12004,87.31154194003236
12005,40.859826595714
12006,49.35296213501321
12007,26.59173803333621
12008,20.668319205139362
12009,31.470131297038847
12010,30.080506091473232
12011,40.75596111074353
12012,34.296994317429295
12013,45.104388916380785
12014,42.478072820759365
12015,75.77831669005955
12016,36.38116050106255
12017,22.043205346374705
12018,41.47126901782703
12019,47.1127923307685
12020,36.55576723910458
12021,34.87819970183428
12022,50.03434835164975
12023,79.74774550463593
12024,48.16073349853894
12025,82.18936848210318
12026,52.68329821053542
12027,97.50418317613214
12028,32.726887042817964
12029,34.2884390142019
12030,50.78530895036957
12031,119.10470593516776
12032,25.377792595797658
12033,61.362147640102
12034,50.05794596256295
12035,24.561474575670445
12036,147.5648826237558
12037,151.08821314004888
12038,84.00492249906681
12039,52.35307771481749
12040,21.214186628131166
12041,48.57136357286777
12042,26.65880980864727
12043,62.09100586153699
12044,51.970160898437996
12045,30.625549865228304
12046,69.60718537333848
12047,78.9582702851765
12048,44.70215812449614
12049,61.59216230594221
12050,21.993582047368513
12051,63.10362446910584
12052,37.086116016151
12053,33.26972092384705
12054,64.95230701390001
12055,100.13147383085686
12056,88.52062775372791
12057,21.52857689556359
12058,27.785750074938836
12059,130.40162186431797
12060,100.98120668307867
12061,36.747730780470825
12062,93.86558071580006
12063,52.40745759757612
12064,66.87086980103844
12065,61.41507361947712
12066,31.498936106490508
12067,56.242634347834056
12068,55.13365480511961
12069,25.24973244063723
12070,45.296786680785495
12071,74.90683531797531
12072,66.12784853546631
12073,72.47238883279358
12074,59.36180112035006
12075,40.44568793691046
12076,165.89694249237877
12077,35.68163744429781
12078,54.8430650093135
12079,42.92829959005341
12080,42.286109683951146
12081,29.102011497707945
12082,51.79466503636797
12083,59.325958336643026
12084,51.948255736035975
12085,31.891351362291367
12086,64.41913024037471
12087,24.926575579944807
12088,53.53786628375582
12089,21.911332963272045
12090,23.846968224699587
12091,32.04589808121129
12092,48.22336041987977
12093,37.21674211143457
12094,43.37277484185624
12095,65.05583266653596
12096,44.08351929522901
12097,8.767530159951257
12098,15.530848198767558
12099,23.01258595284692
12100,70.03010167344775
12101,43.506775128303005
12102,53.64955423130008
12103,35.62030607626086
12104,50.598577032755415
12105,183.05290180856264
12106,38.34861280102025
12107,89.27655232775669
12108,68.81523556002426
12109,38.94641560375766
12110,24.34782724162374
12111,67.41157558161815
12112,70.42817488550403
12113,17.370980820286334
12114,31.393704999824447
12115,66.75382813543617
12116,41.63454417414664
12117,30.803088177453663
12118,49.05323751678893
12119,38.092029770733944
12120,52.72393442532228
12121,28.261613498184914
12122,21.90703164585507
12123,26.011236994867726
12124,71.07787690042436
12125,52.62834359562295
12126,28.899734119720353
12127,77.37948014133181
12128,40.30775869795697
12129,83.34029496664697
12130,28.16758556791629
12131,63.18136892237507
12132,52.68787756809691
12133,72.58521641694574
12134,86.95374655037217
12135,29.687629366648302
12136,19.34955351723385
12137,74.73399777357784
12138,31.859776454244376
12139,52.06568550910148
12140,57.05642381095767
12141,67.13974521160262
12142,25.427971228307246
12143,16.843863072451832
12144,85.484842973132
12145,39.14770693331456
12146,31.038725993694037
12147,28.86237570288789
12148,28.07279220771017
12149,65.4248570007418
12150,34.17528720088268
12151,59.323639408082165
12152,47.978847578823675
12153,44.53519387702491
12154,39.428662479282366
12155,55.44727642752807
12156,23.99269802542698
12157,16.967288659001447
12158,40.75499344181194
12159,31.706301197817954
12160,11.489549688632401
12161,41.27196519131962
12162,50.58992694159495
12163,27.043103975540163
12164,58.64202948154294
12165,45.21775505283458
12166,84.19589457655844
12167,75.78120915918932
12168,26.749583352162194
12169,56.605609495725425
12170,55.71365444650582
12171,54.31640728630719
12172,62.880039372268094
12173,59.90713705599329
12174,55.853938873917315
12175,73.71623372387289
12176,64.85736575084401
12177,85.161995800729
12178,99.81241336408969
12179,36.34182942497249
12180,90.72547998497095
12181,19.79576657963638
12182,42.95884999664287
12183,55.23093195616762
12184,59.20235313533036
12185,64.81960775804637
12186,15.619827111408746
12187,39.82664420075502
12188,37.49616802880671
12189,26.300968394555916
12190,81.0304435668704
12191,24.564305651379602
12192,32.06030575651724
12193,141.8394039721224
12194,30.702423882330777
12195,77.30446597220251
12196,23.85880848183721
12197,18.029875111705536
12198,67.89527791778943
12199,47.879633855527075
12200,47.17341998249871
12201,43.21298209927691
12202,119.29978698251367
12203,45.33562042000348
12204,45.01802763259422
12205,37.74019696294019
12206,35.98667346210574
12207,37.807374298839804
12208,24.780413699998228
12209,24.382108235799016
12210,91.608945409059
12211,25.034877601876893
12212,47.28133010189095
12213,17.54892791522341
12214,23.743870021772587
12215,41.91916263432853
12216,128.37551491398318
12217,45.62687342048166
12218,27.471965417062247
12219,29.90856234779113
12220,70.85902914585948
12221,42.50243695049929
12222,69.07407103479169
12223,50.55301882129374
12224,36.7356226530802
12225,40.61532429152599
12226,62.49712975082163
12227,41.490169622769834
12228,38.556000207923134
12229,71.2543534566957
12230,68.63633738481187
12231,59.86321776379884
12232,18.000494983169055
12233,27.177064071264493
12234,49.14212986018813
12235,50.430298613247125
12236,32.35096847632812
12237,40.060594617311196
12238,41.393628429797566
12239,23.781598042782363
12240,36.73418798269977
12241,27.73955708087371
12242,44.16036579940086
12243,36.002117577151026
12244,42.84384928175318
12245,49.72277762987438
12246,45.542091094656946
12247,76.63592491338977
12248,75.52782542013709
12249,53.14241937350927
12250,34.4998299788525
12251,61.01158010650699
12252,60.77157645086849
12253,25.65572152362472
12254,63.364402643940394
12255,37.704981789770926
12256,49.52675655091557
12257,30.524975726280417
12258,38.06292657915875
12259,17.567430080636186
12260,61.10863620726691
12261,24.344004265814387
12262,32.0147670064905
12263,75.82283103528589
12264,83.44544908723232
12265,36.28050951043645
12266,26.816420176936052
12267,47.032877303002714
12268,34.32670494747201
12269,54.19289454389398
12270,48.0909287529214
12271,66.65416989090659
12272,51.008321348803086
12273,36.28310722906481
12274,49.32462214622341
12275,29.705374094117165
12276,95.32722410664927
12277,48.11605338941554
12278,68.28477508673956
12279,104.02308967220362
12280,77.95348791925738
12281,65.53017203745296
12282,23.078502592878387
12283,48.61278943083173
12284,154.04764075122938
12285,36.52627929220791
12286,48.39896623572123
12287,52.18132526383897
12288,88.10146098927399
12289,37.912824918764
12290,20.24770157913583
12291,71.95026471159034
12292,21.5407401339897
12293,171.41279857530196
12294,56.232282399091936
12295,43.948442040855596
12296,72.35778949147993
12297,63.86622993071701
12298,53.7847147810584
12299,27.661532036966182
12300,31.835705011783656
12301,45.61046763027508
12302,78.21240193962842
12303,252.40833988454062
12304,117.69973875622681
12305,46.77864610581277
12306,40.56423829022335
12307,33.04346339796656
12308,25.95536626654103
12309,36.31241347555482
12310,42.223541668138495
12311,21.606441481414308
12312,30.71546096517047
12313,39.76451923777927
12314,50.679899386214316
12315,55.7839009093027
12316,100.00440499738659
12317,27.629436206319046
12318,35.579609144859745
12319,106.39139323501891
12320,46.308086084550176
12321,53.9239573944059
12322,50.99948122788106
12323,30.888455704383244
12324,58.18019130118866
12325,49.299823485155585
12326,29.470521396298995
12327,24.49019106611367
12328,37.98350019979772
12329,23.15246317928496
12330,41.833759261231705
12331,50.30011636344532
12332,115.28635852544863
12333,24.83635704885314
12334,37.34016432300152
12335,24.60061416248771
12336,40.46497129464457
12337,90.29958935554785
12338,54.90203228010531
12339,27.530525726021335
12340,43.475269616825216
12341,61.82320708010383
12342,118.70258797391561
12343,39.60009852446952
12344,131.97987017623177
12345,44.39818515131797
12346,74.40930716267226
12347,33.68029299013759
12348,52.33442997542329
12349,69.47012731808194
12350,65.38412181483132
12351,63.749969554576836
12352,29.775509854049975
12353,61.90962983380878
12354,30.34872300893302
12355,45.65427603807573
12356,43.23109985167956
12357,45.31021838317534
12358,62.577888777271326
12359,36.57288537451646
12360,28.684755979646884
12361,35.51774165978628
12362,50.25985681140223
12363,32.28969495376348
12364,47.507506384557765
12365,34.881290881267006
12366,39.43148200473298
12367,64.32766855649881
12368,79.11127935913937
12369,34.40740632611945
12370,63.38564306284774
12371,38.49100089022909
12372,33.45479112054881
12373,24.47438341001026
12374,41.349816984875375
12375,28.10927813834516
12376,65.86371835213008
12377,17.826860807008735
12378,27.677027259870734
12379,36.31855636252902
12380,84.79307148048557
12381,29.180718379313944
12382,64.44067833040715
12383,33.157924656208316
12384,44.72265570773277
12385,74.19382259790683
12386,53.256422352426654
12387,47.44603154527043
12388,56.2611381755026
12389,20.21991553213619
12390,57.60696365960938
12391,20.880991134300025
12392,42.08967039882142
12393,30.485326454414448
12394,31.769605973738322
12395,42.109843744006035
12396,24.857581248944907
12397,69.4065504588614
12398,21.931682393419848
12399,71.39686375505157
12400,26.531419919811476
12401,21.851709322042858
12402,52.39246816380197
12403,36.57737856307081
12404,15.9018118763151
12405,44.78641983968548
12406,108.62222674102186
12407,50.42955219206213
12408,46.64037828755355
12409,123.66947542443538
12410,75.74307061274692
12411,29.960306379207502
12412,31.15508323541542
12413,62.60006315715428
12414,84.15539339402731
12415,27.267740789257285
12416,48.77203495174554
12417,42.592741397430096
12418,79.47140727737333
12419,47.43967507618812
12420,23.047920217722606
12421,27.494860940268083
12422,52.04035625960794
12423,48.2636251623521
12424,90.17652412231526
12425,38.34424263475851
12426,115.10699865048133
12427,32.42817161854534
12428,29.106765268595293
12429,27.652555360258265
12430,40.14687491840543
12431,47.82649475182594
12432,83.32142098537814
12433,43.602165726127254
12434,22.3302626856994
12435,49.10422185484942
12436,37.368047607974916
12437,81.42680273848318
12438,61.835529917192396
12439,107.17376005397023
12440,56.35712244185536
12441,25.93035666998566
12442,38.28458769478725
12443,87.64462370951239
12444,45.46432252187912
12445,61.15383564924062
12446,104.20140855812417
12447,40.355617769485505
12448,44.71631296063819
12449,32.215289337570276
12450,38.94180642776632
12451,20.775120632007457
12452,46.43609805477947
12453,46.864951033596114
12454,50.25820173168519
12455,73.60875359987695
12456,66.67042462276761
12457,27.309684876138434
12458,43.70232659099868
12459,32.59187624742047
12460,43.470369383899154
12461,59.48389306907417
12462,50.67548962050532
12463,32.82512221306369
12464,46.67749053271341
12465,52.74097761813759
12466,66.04721095387438
12467,71.94989135447767
12468,23.26596992018062
12469,91.32145895680242
12470,29.152667914050067
12471,64.78711786071956
12472,41.21189650353068
12473,35.738382967831235
12474,63.53394739582753
12475,32.07117083963126
12476,74.34652142247194
12477,24.402510123875523
12478,33.95904859024685
12479,23.648961774028496
12480,61.12431041935241
12481,53.05878068503961
12482,45.305296356246046
12483,53.84814960008571
12484,38.13415134449367
12485,53.74800073447085
12486,70.78176379775988
12487,33.01660271798579
12488,80.87597938753294
12489,65.68044234826927
12490,42.29856643347981
12491,46.9459126303377
12492,90.7634557144789
12493,88.31504535543417
12494,17.55330112329763
12495,38.099832631055264
12496,38.69953331335822
12497,67.93747474794633
12498,41.19747073437494
12499,43.27430267648711
12500,66.31367176043199
12501,57.042226271445365
12502,43.68505150110193
12503,37.514851315358584
12504,27.44597812727885
12505,30.202784958850156
12506,35.61125578145705
12507,84.65721491693596
12508,30.604633012356903
12509,21.76066311376953
12510,72.23252164617772
12511,77.69547419961874
12512,58.73260296958032
12513,50.296615588106505
12514,53.042994449865645
12515,32.11152858744319
12516,43.042140576410084
12517,56.80273666631953
12518,45.62633447396128
12519,45.25865594437735
12520,52.722318445866755
12521,30.699237093761248
12522,47.995711260032245
12523,31.308822217818555
12524,41.6765153413511
12525,78.99269565355544
12526,32.224582362621774
12527,79.59034402352067
12528,79.06369461131699
12529,72.60564977564694
12530,43.727361732967
12531,36.73527636717732
12532,98.30343573397263
12533,36.317496336045465
12534,53.46482640503604
12535,58.743946741726305
12536,51.272261309738816
12537,51.520066367323565
12538,17.373606981112992
12539,77.85864428177479
12540,33.69091551641894
12541,28.91460042643567
12542,56.82541212639282
12543,78.58111775169269
12544,30.37393758479372
12545,47.592045831063864
12546,87.94125228098969
12547,38.30458515056791
12548,23.447669194060612
12549,39.32699201038958
12550,46.93548139604184
12551,50.98245026816977
12552,29.21038464893253
12553,65.20560256013809
12554,82.21206863918431
12555,36.56793579591222
12556,39.43910837237094
12557,38.305308274150896
12558,58.88631539912258
12559,40.76566573604868
12560,57.727384533226314
12561,25.995514646871893
12562,39.44779635639263
12563,94.59564493276284
12564,42.814316789141465
12565,43.119773432999196
12566,61.05873448798502
12567,105.37250882686436
12568,78.03656320394416
12569,24.43245812400606
12570,94.20211604279274
12571,49.45973864110981
12572,28.371534306083852
12573,44.37495812548372
12574,61.41541569572948
12575,25.912183714657377
12576,22.01126904594669
12577,52.05392808248452
12578,96.4004384523943
12579,158.87934043097732
12580,48.139493017709945
12581,20.528442897440037
12582,74.45740165976767
12583,45.760937192280736
12584,27.41688751721447
12585,34.51311210711923
12586,25.63059247752199
12587,44.154891712486
12588,35.03162386123439
12589,90.1137004022574
12590,27.726006431906107
12591,53.39230456032147
12592,39.55570160942909
12593,27.89839478705066
12594,114.28266711110811
12595,82.19631685030132
12596,94.60873297875541
12597,40.7697549080132
12598,27.357987702339827
12599,36.62449244342168
12600,46.24694397398943
12601,60.79343648912845
12602,66.96838943719779
12603,16.24453275766711
12604,89.60216986983818
12605,22.28452145487224
12606,61.64699062379025
12607,28.354332089484156
12608,43.86750703100215
12609,16.97176041100459
12610,128.06119898840146
12611,82.77017962948791
12612,60.86237165027076
12613,32.50214528049277
12614,28.110829979136323
12615,35.88168586819354
12616,86.13283894356778
12617,68.00869901909515
12618,42.87025564718305
12619,46.46396669638516
12620,36.901559165492394
12621,68.02173312725083
12622,26.384437497664603
12623,28.701454495421984
12624,167.2988561225125
12625,46.890175862801776
12626,23.25845716679658
12627,54.763746841872795
12628,41.41710310220417
12629,21.67817681897609
12630,36.92808212074511
12631,50.19446693818445
12632,26.607164917619116
12633,110.74302489559383
12634,87.78496615464469
12635,207.61121562825343
12636,78.09164559699408
12637,41.00841070107737
12638,41.82618458619488
12639,25.819275935143605
12640,100.14707291121773
12641,32.55869686731239
12642,39.93046080045944
12643,58.95285202016531
12644,31.070034941461405
12645,40.16360776851981
12646,40.34396743914068
12647,38.02069462467754
12648,56.36947647779027
12649,47.891035052947004
12650,49.58493630958226
12651,20.917133294024744
12652,41.10675272130647
12653,34.89191235066291
12654,73.9597407828418
12655,88.80311597668968
12656,68.71820921612728
12657,23.584076778383498
12658,27.3805503910467
12659,35.37757586903793
12660,43.61129571847322
12661,33.20612426164391
12662,26.26994550364165
12663,39.74145372829405
12664,64.33975824769666
12665,61.575979364394165
12666,74.41667635142203
12667,34.64815054739148
12668,36.999990734616496
12669,98.1870754866546
12670,60.162100711116864
12671,30.96920326531934
12672,63.43028338430083
12673,71.8132190675476
12674,44.55507101274165
12675,53.47443016813176
12676,50.08131894650298
12677,47.35069550997235
12678,62.608085458593294
12679,21.773609615679227
12680,44.41151387312888
12681,37.507153371292844
12682,48.04752095708298
12683,16.93056140436328
12684,40.994076872517184
12685,56.680033424818035
12686,35.548884279906034
12687,57.52414605227816
12688,66.32624727645774
12689,41.67139657599663
12690,84.5596734458775
12691,25.819508554065965
12692,60.855495539912695
12693,33.335168273025516
12694,47.376964404066086
12695,42.50323106130491
12696,31.73143886686858
12697,22.493278655388686
12698,33.047628528955215
12699,45.23099356761523
12700,71.85658959290978
12701,36.431718632664754
12702,38.3763263390031
12703,35.46064457327199
12704,39.22217656641163
12705,19.850874169416862
12706,37.261240982015266
12707,42.6149536651438
12708,71.40103179239736
12709,67.31825860519237
12710,27.70313211954765
12711,46.2327220252957
12712,156.7501683246561
12713,60.07203324848029
12714,50.57883262281964
12715,55.98059649083556
12716,49.52783397778367
12717,59.861227030379254
12718,146.84460798061727
12719,48.27434866449692
12720,44.77981974415112
12721,55.218113302972036
12722,57.70516534830923
12723,23.61980087681553
12724,19.63837595597485
12725,149.40722441120397
12726,33.69064134650179
12727,41.36991310497882
12728,64.48976422165599
12729,68.45772749462293
12730,26.097509113569764
12731,45.144303509495614
12732,25.151670834439944
12733,59.02096010939893
12734,185.9932377027725
12735,88.3712615624693
12736,56.618793998240186
12737,33.985431872162145
12738,31.10027554772466
12739,23.47049489712917
12740,103.03960090134787
12741,32.92158544040822
12742,87.36667882714504
12743,50.126102742316846
12744,43.70866292635422
12745,67.59349281787237
12746,39.011336406532926
12747,91.45159984250753
12748,28.42244309007849
12749,39.78401349299109
12750,78.11331386287766
12751,42.1284890894124
12752,53.92022750541471
12753,36.05409552416683
12754,56.841899660868634
12755,67.71541399719843
12756,79.10208075199398
12757,42.55993923400315
12758,21.259855330708966
12759,54.10075869404933
12760,36.58128062890415
12761,42.68125178602985
12762,73.82600411181775
12763,36.10484518765389
12764,176.6943573270959
12765,60.078608429488405
12766,35.678449203796404
12767,76.37996346863032
12768,57.55148356153151
12769,32.0472990445671
12770,33.15075716904806
12771,51.2293513894934
12772,45.291016785417
12773,41.25938733368703
12774,66.42676191994696
12775,92.8667729190893
12776,28.43983543604277
12777,45.391193192347316
12778,61.30477228682158
12779,29.19979225164295
12780,17.514302242351576
12781,209.70546529853658
12782,43.146098652535635
12783,58.9098280132851
12784,32.87430617626522
12785,84.51345701760246
12786,47.50971306169092
12787,58.25250489934051
12788,81.90803179871925
12789,48.880963524594115
12790,35.650822915475686
12791,37.581459955481535
12792,60.14757409794158
12793,44.976348731360744
12794,70.42782406212653
12795,26.92667141727435
12796,22.42869023034862
12797,29.316501131561083
12798,63.135218288316686
12799,40.01134523471371
12800,34.636156188906796
12801,85.95191212661625
12802,24.804253176722607
12803,53.66183675565195
12804,124.70251092413646
12805,45.158466496929364
12806,37.009288725815935
12807,25.61239434915103
12808,97.9829903528281
12809,22.980434889555035
12810,21.11271764453999
12811,84.82558009484259
12812,103.91684934492076
12813,21.871048412667783
12814,18.712503567723843
12815,35.55648626995118
12816,37.88075950525828
12817,51.097310040578165
12818,36.66785046892392
12819,24.336819714154828
12820,141.2435496366117
12821,66.37953199421882
12822,15.302309258734617
12823,57.85621754819795
12824,75.43191821622518
12825,29.280019899725673
12826,54.23716603436976
12827,89.04856320418304
12828,127.06074649170797
12829,30.586629261800446
12830,62.139391985935205
12831,44.11989742757723
12832,135.65371557106582
12833,29.785932806419616
12834,31.928441496950708
12835,57.62903092696735
12836,35.17488504686782
12837,55.064470863761265
12838,32.26200777571695
12839,196.67330953769243
12840,36.08614670413136
12841,76.83509005329603
12842,41.802932932788615
12843,31.996357819462617
12844,47.43584586025712
12845,43.82617224818871
12846,93.68674105408698
12847,32.54829803408578
12848,45.752434985769376
12849,144.42069676241994
12850,39.52777280128455
12851,53.08369003126064
12852,72.04497940741335
12853,40.432366673219065
12854,34.03304900322773
12855,35.559401281723936
12856,23.15023038653437
12857,41.344812095839615
12858,43.31752713947724
12859,44.22453026146424
12860,35.44540181246633
12861,39.840786426996104
12862,67.25061798551411
12863,71.80532225574756
12864,59.21238082859757
12865,56.34321892509498
12866,45.88054104279823
12867,37.27753241607464
12868,22.294545562229
12869,42.803162858924665
12870,46.51942184336084
12871,19.963672515151792
12872,41.83551076128225
12873,27.95167045680046
12874,57.54665621765401
12875,44.01356699011084
12876,46.24640809322501
12877,27.426503147631525
12878,47.65812150506767
12879,48.054018299223486
12880,21.73992756822664
12881,61.363039868087576
12882,43.98428821486272
12883,49.04509019245899
12884,42.606843075050136
12885,25.20907011109246
12886,44.938309161072574
12887,78.61569394078217
12888,38.57689667491764
12889,67.12729296425523
12890,56.78196316156471
12891,143.62108063577415
12892,45.87841643517522
12893,75.48204227845322
12894,28.68418510444371
12895,32.97991997314592
12896,24.71015267084822
12897,30.20088896690698
12898,66.15072875627054
12899,30.752434629824478
12900,34.87125771687074
12901,50.80423018524718
12902,33.391499748326765
12903,40.422831786730356
12904,44.10376230477747
12905,34.636580355065746
12906,25.23617658612466
12907,44.62816339426087
12908,62.726265869186676
12909,40.74279073251818
12910,30.00875257115676
12911,72.79591728839866
12912,40.315023107358925
12913,135.38042848837833
12914,44.82041043716286
12915,59.86560236744651
12916,89.7142477783363
12917,77.84218717827946
12918,54.79317878254713
12919,16.343527873893606
12920,34.053401577578825
12921,74.71214252325342
12922,59.57504746930505
12923,26.532141995746084
12924,126.3107561774288
12925,41.84956448563591
12926,29.144253166144356
12927,48.84776434614761
12928,30.182968692053233
12929,42.20205204480461
12930,134.63880405657932
12931,48.77711638877355
12932,43.01153276021144
12933,43.88325186488144
12934,37.805773039922954
12935,47.066170659125135
12936,37.46193821461875
12937,106.95239039114912
12938,55.11388116625651
12939,29.33802175938539
12940,66.74523482004022
12941,29.68997812858515
12942,53.957023267983764
12943,46.11125843544917
12944,45.01088636247453
12945,29.95016346098973
12946,42.500913513306855
12947,42.469168073141184
12948,47.869216291383275
12949,75.63292932722894
12950,132.8194897537581
12951,76.86388179347607
12952,55.192239990564694
12953,98.1946319866378
12954,46.18570290758023
12955,55.328535670832075
12956,41.10058411985278
12957,88.47745113304447
12958,38.78183143930589
12959,81.87795217214043
12960,34.958749858694176
12961,67.52074833762406
12962,56.878015763035954
12963,40.78918200160631
12964,27.008602910721454
12965,39.16326942773257
12966,30.327709000760095
12967,20.61712379842986
12968,60.71036046738847
12969,52.97034070258452
12970,46.46041420833497
12971,46.62728103973843
12972,43.30667413699101
12973,67.85969359419234
12974,38.88908468278623
12975,44.75878705279011
12976,24.06218459656445
12977,74.01766141057203
12978,20.63634190313241
12979,57.20523353261609
12980,49.968953095285
12981,58.3155313049895
12982,51.0086821584771
12983,58.133467240081906
12984,47.14597200141037
12985,32.30151351446719
12986,52.829206041415134
12987,49.85842244751315
12988,46.5136110484755
12989,32.05773980983324
12990,93.05746797401125
12991,45.615697358670616
12992,62.84341152853105
12993,33.58932481635327
12994,32.414042238240626
12995,42.46201450414651
12996,79.1419153929183
12997,44.17538132062273
12998,90.39690358975486
12999,57.719473921030634
